{
  "model": {
    "arch": "cnn",
    "weight_init": "xavier",
    "use_chars": true,
    "c_dim": 50,
    "c_in_dropout": 0.0,
    "c_cnn_layers": [
      {
        "height": 3,
        "filters": 128,
        "dilation": 1
      }
    ],
    "pretrained": null,
    "w_dim": 100,
    "w_in_dropout": 0.0,
    "w_cnn_layers": [
      {
        "height": 3,
        "filters": 256,
        "dilation": 1
      }
    ],
    "mid_dropout": 0.5,
    "use_crf": true
  },
  "optim": {
    "method": "adam",
    "lr": 0.001,
    "momentum": 0.0,
    "l2_loss": 0.0,
    "lr_scheduler": null,
    "step": 25,
    "decay": 1.0
  },
  "train": {
    "batch_size": 256,
    "max_epochs": 25,
    "val_steps": 5,
    "patience": 5
  },
  "metrics": {
    "val": {
      "acc": 0.97088861315262,
      "p": 0.9711206372002669,
      "r": 0.97088861315262,
      "f1": 0.9710046113157579,
      "amadeus": {
        "acc": 0.9733349869775518,
        "p": 0.9734817524646309,
        "r": 0.9733349869775518,
        "f1": 0.9734083641889558
      },
      "atos": {
        "acc": 0.9700463883366468,
        "p": 0.9702478047548397,
        "r": 0.9700463883366468,
        "f1": 0.9701470860915107
      },
      "edp": {
        "acc": 0.9694449635582134,
        "p": 0.9698030268454886,
        "r": 0.9694449635582134,
        "f1": 0.9696239621453986
      }
    },
    "test": {
      "acc": 0.9394931003611892,
      "p": 0.9402440961890193,
      "r": 0.9394931003611892,
      "f1": 0.9398684482555337,
      "amadeus": {
        "acc": 0.9368704291430937,
        "p": 0.9379366722522652,
        "r": 0.9368704291430937,
        "f1": 0.9374032474999886
      },
      "atos": {
        "acc": 0.939214490986676,
        "p": 0.940167902755231,
        "r": 0.939214490986676,
        "f1": 0.9396909550377844
      },
      "edp": {
        "acc": 0.9400016712626389,
        "p": 0.9406166658080631,
        "r": 0.9400016712626389,
        "f1": 0.9403090679784535
      }
    }
  },
  "infra": null
}