{
  "val": {
    "f1": 0.9483351488034136,
    "bin": {
      "acc": 0.9295504385964912,
      "tpr": 0.916025641025641,
      "tnr": 0.9396551724137931,
      "f1": 0.9276899620016439
    },
    "ner": {
      "acc": 0.9697832817337462,
      "p": 0.9700570430972589,
      "r": 0.9697832817337462,
      "f1": 0.9699201430981178
    }
  },
  "test": {
    "f1": 0.9007854559336035,
    "bin": {
      "acc": 0.9051584686357917,
      "tpr": 0.8589906700593724,
      "tnr": 0.9233402922755741,
      "f1": 0.890003835556508
    },
    "ner": {
      "acc": 0.9112805371299143,
      "p": 0.9123831283483704,
      "r": 0.9112805371299143,
      "f1": 0.9118314994245577
    }
  }
}